mean	std
-0.16308333333333339	0.28915156715445745
