mean	std
-0.45056874457229584	0.27456607048151266
