best_profit	one_std_profit
157346.8680000002	88446.67597216749
