buy_month	sell_month	pints_purchased	expected_profit
2025-05	2025-12	241721	56635.23030000012
2025-06	2025-11	271960	81859.96000000011
2025-06	2025-12	264760	157346.8680000002
2025-07	2025-11	269106	70505.77200000003
2025-07	2025-12	262054	145518.58620000014
2025-08	2025-11	259942	34052.402000000046
2025-08	2025-12	253356	107498.95080000017
2025-09	2025-12	235737	30480.794100000137
2025-10	2025-12	242836	61510.358800000155
